{"cameraMode":{"drawMode":0,"name":"Shaded","section":"Shading Mode"},"sceneLighting":true,"audioPlay":false,"sceneViewState":{"m_AlwaysRefresh":false,"showFog":true,"showSkybox":true,"showFlares":true,"showImageEffects":true,"showParticleSystems":true,"showVisualEffectGraphs":true,"m_FxEnabled":true},"in2DMode":false,"pivot":{"x":-1.1641985177993775,"y":-2.6982367038726808,"z":9.592988967895508},"rotation":{"x":-0.1259719878435135,"y":0.00654457276687026,"z":-0.0008297899621538818,"w":-0.9920141696929932},"size":8.818853378295899,"orthographic":false}