{"cameraMode":{"drawMode":0,"name":"Shaded","section":"Shading Mode"},"sceneLighting":true,"audioPlay":false,"sceneViewState":{"m_AlwaysRefresh":false,"showFog":true,"showSkybox":true,"showFlares":true,"showImageEffects":true,"showParticleSystems":true,"showVisualEffectGraphs":true,"m_FxEnabled":true},"in2DMode":false,"pivot":{"x":100.26036834716797,"y":-108.97624969482422,"z":522.2708740234375},"rotation":{"x":-0.10008487850427628,"y":-0.09467954933643341,"z":0.010207165963947773,"w":-0.9900549650192261},"size":273.127685546875,"orthographic":false}