{"cameraMode":{"drawMode":0,"name":"Shaded","section":"Shading Mode"},"sceneLighting":true,"audioPlay":false,"sceneViewState":{"m_AlwaysRefresh":false,"showFog":true,"showSkybox":true,"showFlares":true,"showImageEffects":false,"showParticleSystems":true,"showVisualEffectGraphs":true,"m_FxEnabled":true},"in2DMode":false,"pivot":{"x":196.3152313232422,"y":-138.12928771972657,"z":486.8656311035156},"rotation":{"x":0.12652897834777833,"y":0.18915937840938569,"z":-0.024586964398622514,"w":0.9730402827262878},"size":272.5746154785156,"orthographic":false}