{"cameraMode":{"drawMode":0,"name":"Shaded","section":"Shading Mode"},"sceneLighting":true,"audioPlay":false,"sceneViewState":{"m_AlwaysRefresh":false,"showFog":true,"showSkybox":true,"showFlares":true,"showImageEffects":true,"showParticleSystems":true,"showVisualEffectGraphs":true,"m_FxEnabled":true},"in2DMode":false,"pivot":{"x":-2.2740936279296877,"y":2.971508502960205,"z":0.7185029983520508},"rotation":{"x":-0.06682819873094559,"y":0.8921588063240051,"z":-0.14059998095035554,"w":-0.42404961585998537},"size":10.920249938964844,"orthographic":false}