{"cameraMode":{"drawMode":0,"name":"Shaded","section":"Shading Mode"},"sceneLighting":true,"audioPlay":false,"sceneViewState":{"m_AlwaysRefresh":false,"showFog":true,"showSkybox":true,"showFlares":true,"showImageEffects":true,"showParticleSystems":true,"showVisualEffectGraphs":true,"m_FxEnabled":true},"in2DMode":false,"pivot":{"x":-21.249839782714845,"y":-75.24864196777344,"z":153.20236206054688},"rotation":{"x":-0.21847647428512574,"y":0.06641879677772522,"z":-0.014704868197441101,"w":-0.9732481241226196},"size":88.53974914550781,"orthographic":false}