{"cameraMode":{"drawMode":0,"name":"Shaded","section":"Shading Mode"},"sceneLighting":true,"audioPlay":false,"sceneViewState":{"m_AlwaysRefresh":false,"showFog":true,"showSkybox":true,"showFlares":true,"showImageEffects":false,"showParticleSystems":true,"showVisualEffectGraphs":true,"m_FxEnabled":true},"in2DMode":false,"pivot":{"x":-3.4455034732818605,"y":-6.837183475494385,"z":540.1600952148438},"rotation":{"x":0.006304594222456217,"y":-0.0029948288574814798,"z":-0.000004855358383792918,"w":0.99957674741745},"size":272.5746154785156,"orthographic":false}