{"cameraMode":{"drawMode":0,"name":"Shaded","section":"Shading Mode"},"sceneLighting":true,"audioPlay":false,"sceneViewState":{"m_AlwaysRefresh":false,"showFog":true,"showSkybox":true,"showFlares":true,"showImageEffects":true,"showParticleSystems":true,"showVisualEffectGraphs":true,"m_FxEnabled":true},"in2DMode":false,"pivot":{"x":-4.14199686050415,"y":-8.230839729309082,"z":376.0489196777344},"rotation":{"x":-0.010807685554027558,"y":0.005099184345453978,"z":0.0005763329099863768,"w":-0.9996063709259033},"size":190.23251342773438,"orthographic":false}